商品ID,商品名,種類ID,種類名,説明,価格,税率,在庫数,公開状態,"表示順",種類在庫数,画像1,画像2,画像3,画像4,画像5,画像6,画像7,画像8,画像9,画像10,画像11,画像12,画像13,画像14,画像15,画像16,画像17,画像18,画像19,画像20,商品重量
160257442,"毎日一枚 原画（はがきサイズ）｜不思議な子（2026/09/14）",,,"2026/09/14 の、毎日一枚の原画です。
タイトル「不思議な子」。

サイズ: はがきサイズくらい（約10.7×14.5cm）
紙に手描き。一点ものです。

画像は投稿したときのものです。実物は、色味が少し違って見えることがあります。

毎日一枚、手で描いています。この絵は、その一日です。
ほかの日の絵は、原画ギャラリーで見られます。
https://leon-r-s.github.io/Leon-gallery/",2000,1,1,1,1,,5501c91115c1cb7236840a13367ce1d9.jpg,,,,,,,,,,,,,,,,,,,,
157402689,あなたの画像を、れおんの絵柄でアイコンに｜手描きのデジタルイラスト,,,"お手元の画像を一枚送ってください。
写真でも、今お使いのアイコンでも、お好きな絵でも、AIで作った画像でも大丈夫です。
それを元に、れおんの絵柄で、SNSのアイコン用イラストを描きます。

【できあがるもの】
・アイコン用のデジタルイラスト（2048×2048の正方形・背景なし）
・PNG形式でお渡しします

【料金】
・基本（背景なし）3,000円
・背景あり ＋1,000円
・小物の追加（1つまで） ＋1,000円
　例: 背景と小物 1つ＝ 5,000円

【流れ】
1. ご購入
2. ご購入後、こちらからメールでご連絡します。そのメールへの返信で、元になる画像と、あればご希望を一言（色・雰囲気など）をお送りください
3. 下描きを一度お見せします（修正はこの段階で1回）
4. 完成した画像を、メールでお渡しします
納期の目安: 画像をいただいてから2週間ほど

【使い方について】
・SNSのアイコンやプロフィール画像として、ご自由にお使いください
・ご自身のサムネイル等を作る目的で、画像をAIに読み込ませるのは構いません（学習用データとしての提供や再配布はご遠慮ください）
・グッズ制作などの商用利用は、別途ご相談ください
・イラストの著作権は伊咲れおんにあります。「イラスト: 伊咲れおん」などの表記はあってもなくても構いません

【お受けできないもの】
・アニメ・ゲーム・漫画などのキャラクターや、他の作家さんの絵を元にしたものは、基本的にお受けしていません。
・作者ご本人の許可があるもの、公式のガイドラインで二次創作や依頼制作が認められているものは、お問い合わせからご相談ください（確認にお時間をいただきます）。
元になる画像は、ご自身の写真や、ご自身で作った画像、ペットの写真など、ご自身のものだと安心です。

【実績】
・SNSアイコン 40枚以上
・noteヘッダー（こちらは現在、お問い合わせでの受付です）

毎日一枚、手で絵を描いて900日以上。
デジタルの絵は、こちらで見られます。
Instagram: https://www.instagram.com/leon_s_lab/?hl=ja
X: https://x.com/Neue_r_s",3000,1,5,1,1,,f3606f95bf312f3c504a9daeb7e69816.png,6ee2def00fad26cecffe25bf5db737d7.png,c4d516888e1de7c0412fa3b8f6e5f44b.png,d1613a462e2dc2a11d2dde311dcc040f.png,4979864c1d186a63a9c6e98597ef29c2.png,,,,,,,,,,,,,,,,
160257443,"毎日一枚 原画（はがきサイズ）｜てくてく歩く（2026/09/15）",,,"2026/09/15 の、毎日一枚の原画です。
タイトル「てくてく歩く」。

サイズ: はがきサイズくらい（約10.7×14.5cm）
紙に手描き。一点ものです。

画像は投稿したときのものです。実物は、色味が少し違って見えることがあります。

毎日一枚、手で描いています。この絵は、その一日です。
ほかの日の絵は、原画ギャラリーで見られます。
https://leon-r-s.github.io/Leon-gallery/",2000,1,1,1,2,,31cc0e5e79bf61cfc4e43fd5a9ad6fe2.jpg,,,,,,,,,,,,,,,,,,,,
155957689,"毎日一枚 900日記念原画｜B5・一点もの",,,"毎日一枚、手描きのイラストを描き続けて900日。
その節目として描いた、900日記念の原画です。

普段の「毎日一枚」は、はがきサイズほどの紙に描いたり、デジタルで描いたりしていますが、900日目は記念としてB5サイズで制作しました。

デジタルデータや複製ではなく、実際に描いた原画そのものをお届けします。
一点もののため、同じ原画の再販売はありません。

【サイズ】B5
【点数】1点
【作品】手描き原画

※画面上の色味と、実際の原画の色味には多少の違いが生じる場合があります。
※額は付属しません。

900日という、一度だけの節目の一枚。
気に入ってくださった方にお迎えいただけたら嬉しいです。",9000,1,1,1,2,,0a73f12c2ce61973a4c3a5d9a4e46852.jpg,a193f35d17b999b314dbdbb26334b5b3.png,,,,,,,,,,,,,,,,,,,
160257445,"毎日一枚 原画（はがきサイズ）｜雪女さん（2026/09/16）",,,"2026/09/16 の、毎日一枚の原画です。
タイトル「雪女さん」。

サイズ: はがきサイズくらい（約10.7×14.5cm）
紙に手描き。一点ものです。

画像は投稿したときのものです。実物は、色味が少し違って見えることがあります。

毎日一枚、手で描いています。この絵は、その一日です。
ほかの日の絵は、原画ギャラリーで見られます。
https://leon-r-s.github.io/Leon-gallery/",2000,1,1,1,3,,72bc9112e15efceae359e2df8ad82436.jpg,,,,,,,,,,,,,,,,,,,,
157429689,"毎日一枚 原画（はがきサイズ）｜えほんとうとうと（2026/08/29）",,,"2026/08/29 の、毎日一枚の原画です。
タイトル「えほんとうとうと」。

サイズ: はがきサイズくらい（約10.7×14.5cm）
紙に手描き。一点ものです。

画像は投稿したときのものです。実物は、色味が少し違って見えることがあります。

毎日一枚、手で描いています。この絵は、その一日です。
ほかの日の絵は、原画ギャラリーで見られます。
https://leon-r-s.github.io/Leon-gallery/",2000,1,1,1,3,,2f58d4ac570cb696fade77f62e9429c3.jpg,,,,,,,,,,,,,,,,,,,,
160257447,"毎日一枚 原画（はがきサイズ）｜カッパちゃん（2026/09/17）",,,"2026/09/17 の、毎日一枚の原画です。
タイトル「カッパちゃん」。

サイズ: はがきサイズくらい（約10.7×14.5cm）
紙に手描き。一点ものです。

画像は投稿したときのものです。実物は、色味が少し違って見えることがあります。

毎日一枚、手で描いています。この絵は、その一日です。
ほかの日の絵は、原画ギャラリーで見られます。
https://leon-r-s.github.io/Leon-gallery/",2000,1,1,1,4,,6a8bc759238c6654d51f9d3bf940690e.jpg,,,,,,,,,,,,,,,,,,,,
157429690,"毎日一枚 原画（はがきサイズ）｜緑の子と（2026/08/30）",,,"2026/08/30 の、毎日一枚の原画です。
タイトル「緑の子と」。

サイズ: はがきサイズくらい（約10.7×14.5cm）
紙に手描き。一点ものです。

画像は投稿したときのものです。実物は、色味が少し違って見えることがあります。

毎日一枚、手で描いています。この絵は、その一日です。
ほかの日の絵は、原画ギャラリーで見られます。
https://leon-r-s.github.io/Leon-gallery/",2000,1,1,1,4,,36d0ef614ea04fb39af3fdce07cf0578.jpg,,,,,,,,,,,,,,,,,,,,
160257448,"毎日一枚 原画（はがきサイズ）｜わらしーず（2026/09/18）",,,"2026/09/18 の、毎日一枚の原画です。
タイトル「わらしーず」。

サイズ: はがきサイズくらい（約10.7×14.5cm）
紙に手描き。一点ものです。

画像は投稿したときのものです。実物は、色味が少し違って見えることがあります。

毎日一枚、手で描いています。この絵は、その一日です。
ほかの日の絵は、原画ギャラリーで見られます。
https://leon-r-s.github.io/Leon-gallery/",2000,1,1,1,5,,76252acc087eda1d0fd13577500b3677.jpg,,,,,,,,,,,,,,,,,,,,
157049136,"毎日一枚 原画（はがきサイズ）｜オロチと（2026/06/07）",,,"2026/06/07 の、毎日一枚の原画です。
タイトル「オロチと」。

サイズ: はがきサイズくらい（約10.7×14.5cm）
紙に手描き。一点ものです。

画像は投稿したときのものです。実物は、色味が少し違って見えることがあります。

毎日一枚、手で描いています。この絵は、その一日です。
ほかの日の絵は、原画ギャラリーで見られます。
https://leon-r-s.github.io/Leon-gallery/",2000,1,1,1,5,,349dea524804c79afbdfffef430b26de.jpg,,,,,,,,,,,,,,,,,,,,
160257449,"毎日一枚 原画（はがきサイズ）｜妖怪集まる（2026/09/19）",,,"2026/09/19 の、毎日一枚の原画です。
タイトル「妖怪集まる」。

サイズ: はがきサイズくらい（約10.7×14.5cm）
紙に手描き。一点ものです。

画像は投稿したときのものです。実物は、色味が少し違って見えることがあります。

毎日一枚、手で描いています。この絵は、その一日です。
ほかの日の絵は、原画ギャラリーで見られます。
https://leon-r-s.github.io/Leon-gallery/",2000,1,1,1,6,,a00e79d457c7680ba108a8e84d084544.jpg,,,,,,,,,,,,,,,,,,,,
157429691,"毎日一枚 原画（はがきサイズ）｜いのる（2026/08/31）",,,"2026/08/31 の、毎日一枚の原画です。
タイトル「いのる」。

サイズ: はがきサイズくらい（約10.7×14.5cm）
紙に手描き。一点ものです。

画像は投稿したときのものです。実物は、色味が少し違って見えることがあります。

毎日一枚、手で描いています。この絵は、その一日です。
ほかの日の絵は、原画ギャラリーで見られます。
https://leon-r-s.github.io/Leon-gallery/",2000,1,1,1,6,,0519a4f86c8251e8c8738ac404eb7747.jpg,,,,,,,,,,,,,,,,,,,,
160257450,"毎日一枚 原画（はがきサイズ）｜ぬりかべと（2026/09/20）",,,"2026/09/20 の、毎日一枚の原画です。
タイトル「ぬりかべと」。

サイズ: はがきサイズくらい（約10.7×14.5cm）
紙に手描き。一点ものです。

画像は投稿したときのものです。実物は、色味が少し違って見えることがあります。

毎日一枚、手で描いています。この絵は、その一日です。
ほかの日の絵は、原画ギャラリーで見られます。
https://leon-r-s.github.io/Leon-gallery/",2000,1,1,1,7,,984bc585f337fce6d73a0d867232c184.jpg,,,,,,,,,,,,,,,,,,,,
157049133,"毎日一枚 原画（はがきサイズ）｜どすこいあんね（2026/06/04）",,,"2026/06/04 の、毎日一枚の原画です。
タイトル「どすこいあんね」。

サイズ: はがきサイズくらい（約10.7×14.5cm）
紙に手描き。一点ものです。

画像は投稿したときのものです。実物は、色味が少し違って見えることがあります。

毎日一枚、手で描いています。この絵は、その一日です。
ほかの日の絵は、原画ギャラリーで見られます。
https://leon-r-s.github.io/Leon-gallery/",2000,1,1,1,7,,69ab5a0309682a5095438e35cfbe15af.jpg,,,,,,,,,,,,,,,,,,,,
160257452,"毎日一枚 原画（はがきサイズ）｜視線の正体（2026/09/21）",,,"2026/09/21 の、毎日一枚の原画です。
タイトル「視線の正体」。

サイズ: はがきサイズくらい（約10.7×14.5cm）
紙に手描き。一点ものです。

画像は投稿したときのものです。実物は、色味が少し違って見えることがあります。

毎日一枚、手で描いています。この絵は、その一日です。
ほかの日の絵は、原画ギャラリーで見られます。
https://leon-r-s.github.io/Leon-gallery/",2000,1,1,1,8,,d2187e1229240681d42b7b58a7383ad8.jpg,,,,,,,,,,,,,,,,,,,,
157429692,"毎日一枚 原画（はがきサイズ）｜カメミタマ（2026/09/01）",,,"2026/09/01 の、毎日一枚の原画です。
タイトル「カメミタマ」。

サイズ: はがきサイズくらい（約10.7×14.5cm）
紙に手描き。一点ものです。

画像は投稿したときのものです。実物は、色味が少し違って見えることがあります。

毎日一枚、手で描いています。この絵は、その一日です。
ほかの日の絵は、原画ギャラリーで見られます。
https://leon-r-s.github.io/Leon-gallery/",2000,1,1,1,8,,8e6cc28cd0f35e354e457a148a32f56c.jpg,,,,,,,,,,,,,,,,,,,,
160257453,"毎日一枚 原画（はがきサイズ）｜ふえてるの…（2026/09/22）",,,"2026/09/22 の、毎日一枚の原画です。
タイトル「ふえてるの…」。

サイズ: はがきサイズくらい（約10.7×14.5cm）
紙に手描き。一点ものです。

画像は投稿したときのものです。実物は、色味が少し違って見えることがあります。

毎日一枚、手で描いています。この絵は、その一日です。
ほかの日の絵は、原画ギャラリーで見られます。
https://leon-r-s.github.io/Leon-gallery/",2000,1,1,1,9,,a6a9766704a64c682c26f98407dbac84.jpg,,,,,,,,,,,,,,,,,,,,
157049134,"毎日一枚 原画（はがきサイズ）｜ぎゅってする（2026/06/05）",,,"2026/06/05 の、毎日一枚の原画です。
タイトル「ぎゅってする」。

サイズ: はがきサイズくらい（約10.7×14.5cm）
紙に手描き。一点ものです。

画像は投稿したときのものです。実物は、色味が少し違って見えることがあります。

毎日一枚、手で描いています。この絵は、その一日です。
ほかの日の絵は、原画ギャラリーで見られます。
https://leon-r-s.github.io/Leon-gallery/",2000,1,1,1,9,,3d8c5ec9cf43bbd3f9befa26a2cbbd03.jpg,,,,,,,,,,,,,,,,,,,,
160257455,"毎日一枚 原画（はがきサイズ）｜もっとふえてるの…（2026/09/23）",,,"2026/09/23 の、毎日一枚の原画です。
タイトル「もっとふえてるの…」。

サイズ: はがきサイズくらい（約10.7×14.5cm）
紙に手描き。一点ものです。

画像は投稿したときのものです。実物は、色味が少し違って見えることがあります。

毎日一枚、手で描いています。この絵は、その一日です。
ほかの日の絵は、原画ギャラリーで見られます。
https://leon-r-s.github.io/Leon-gallery/",2000,1,1,1,10,,bbd09eb11aaa9faa831bc4fc51cd036c.jpg,,,,,,,,,,,,,,,,,,,,
157429693,"毎日一枚 原画（はがきサイズ）｜ISAQにのるこはく（2026/09/02）",,,"2026/09/02 の、毎日一枚の原画です。
タイトル「ISAQにのるこはく」。

サイズ: はがきサイズくらい（約10.7×14.5cm）
紙に手描き。一点ものです。

画像は投稿したときのものです。実物は、色味が少し違って見えることがあります。

毎日一枚、手で描いています。この絵は、その一日です。
ほかの日の絵は、原画ギャラリーで見られます。
https://leon-r-s.github.io/Leon-gallery/",2000,1,1,1,10,,88e9bb7b83abe7e5236d6d42100defc7.jpg,,,,,,,,,,,,,,,,,,,,
160257456,"毎日一枚 原画（はがきサイズ）｜おめでとうの日（2026/09/24）",,,"2026/09/24 の、毎日一枚の原画です。
タイトル「おめでとうの日」。

サイズ: はがきサイズくらい（約10.7×14.5cm）
紙に手描き。一点ものです。

画像は投稿したときのものです。実物は、色味が少し違って見えることがあります。

毎日一枚、手で描いています。この絵は、その一日です。
ほかの日の絵は、原画ギャラリーで見られます。
https://leon-r-s.github.io/Leon-gallery/",2000,1,1,1,11,,12965b615393a13b79b13aa7e22dda36.jpg,,,,,,,,,,,,,,,,,,,,
157049135,"毎日一枚 原画（はがきサイズ）｜リーリーと（2026/06/06）",,,"2026/06/06 の、毎日一枚の原画です。
タイトル「リーリーと」。

サイズ: はがきサイズくらい（約10.7×14.5cm）
紙に手描き。一点ものです。

画像は投稿したときのものです。実物は、色味が少し違って見えることがあります。

毎日一枚、手で描いています。この絵は、その一日です。
ほかの日の絵は、原画ギャラリーで見られます。
https://leon-r-s.github.io/Leon-gallery/",2000,1,1,1,11,,a2dc63a414f6a3abad1929bac4aa3720.jpg,,,,,,,,,,,,,,,,,,,,
160257458,"毎日一枚 原画（はがきサイズ）｜おにぎりさんと（2026/09/25）",,,"2026/09/25 の、毎日一枚の原画です。
タイトル「おにぎりさんと」。

サイズ: はがきサイズくらい（約10.7×14.5cm）
紙に手描き。一点ものです。

画像は投稿したときのものです。実物は、色味が少し違って見えることがあります。

毎日一枚、手で描いています。この絵は、その一日です。
ほかの日の絵は、原画ギャラリーで見られます。
https://leon-r-s.github.io/Leon-gallery/",2000,1,1,1,12,,7df793f16380a1dbe23feaf341b7351a.jpg,,,,,,,,,,,,,,,,,,,,
157429694,"毎日一枚 原画（はがきサイズ）｜紫の花とこはく（2026/09/03）",,,"2026/09/03 の、毎日一枚の原画です。
タイトル「紫の花とこはく」。

サイズ: はがきサイズくらい（約10.7×14.5cm）
紙に手描き。一点ものです。

画像は投稿したときのものです。実物は、色味が少し違って見えることがあります。

毎日一枚、手で描いています。この絵は、その一日です。
ほかの日の絵は、原画ギャラリーで見られます。
https://leon-r-s.github.io/Leon-gallery/",2000,1,1,1,12,,22fd9a218c7751053962f3e8bcbd1ed1.jpg,,,,,,,,,,,,,,,,,,,,
160257459,"毎日一枚 原画（はがきサイズ）｜こわくないの？（2026/09/26）",,,"2026/09/26 の、毎日一枚の原画です。
タイトル「こわくないの？」。

サイズ: はがきサイズくらい（約10.7×14.5cm）
紙に手描き。一点ものです。

画像は投稿したときのものです。実物は、色味が少し違って見えることがあります。

毎日一枚、手で描いています。この絵は、その一日です。
ほかの日の絵は、原画ギャラリーで見られます。
https://leon-r-s.github.io/Leon-gallery/",2000,1,1,1,13,,df0f7f5da3b7cab27ee1982af9b7fef2.jpg,,,,,,,,,,,,,,,,,,,,
157049137,"毎日一枚 原画（はがきサイズ）｜ミタマと（2026/06/08）",,,"2026/06/08 の、毎日一枚の原画です。
タイトル「ミタマと」。

サイズ: はがきサイズくらい（約10.7×14.5cm）
紙に手描き。一点ものです。

画像は投稿したときのものです。実物は、色味が少し違って見えることがあります。

毎日一枚、手で描いています。この絵は、その一日です。
ほかの日の絵は、原画ギャラリーで見られます。
https://leon-r-s.github.io/Leon-gallery/",2000,1,1,1,13,,9fc15948a684b5241cd57b634201bfb6.jpg,,,,,,,,,,,,,,,,,,,,
160257461,"毎日一枚 原画（はがきサイズ）｜何考えてるのかな？（2026/09/27）",,,"2026/09/27 の、毎日一枚の原画です。
タイトル「何考えてるのかな？」。

サイズ: はがきサイズくらい（約10.7×14.5cm）
紙に手描き。一点ものです。

画像は投稿したときのものです。実物は、色味が少し違って見えることがあります。

毎日一枚、手で描いています。この絵は、その一日です。
ほかの日の絵は、原画ギャラリーで見られます。
https://leon-r-s.github.io/Leon-gallery/",2000,1,1,1,14,,a1ff9230f6edef446214d7fa1825fbe2.jpg,,,,,,,,,,,,,,,,,,,,
157429695,"毎日一枚 原画（はがきサイズ）｜桃の…？（2026/09/04）",,,"2026/09/04 の、毎日一枚の原画です。
タイトル「桃の…？」。

サイズ: はがきサイズくらい（約10.7×14.5cm）
紙に手描き。一点ものです。

画像は投稿したときのものです。実物は、色味が少し違って見えることがあります。

毎日一枚、手で描いています。この絵は、その一日です。
ほかの日の絵は、原画ギャラリーで見られます。
https://leon-r-s.github.io/Leon-gallery/",2000,1,1,1,14,,d63611707bdc1adb9a08680186eef21c.jpg,,,,,,,,,,,,,,,,,,,,
160257462,"毎日一枚 原画（はがきサイズ）｜プレゼントを抱えて（2026/09/28）",,,"2026/09/28 の、毎日一枚の原画です。
タイトル「プレゼントを抱えて」。

サイズ: はがきサイズくらい（約10.7×14.5cm）
紙に手描き。一点ものです。

画像は投稿したときのものです。実物は、色味が少し違って見えることがあります。

毎日一枚、手で描いています。この絵は、その一日です。
ほかの日の絵は、原画ギャラリーで見られます。
https://leon-r-s.github.io/Leon-gallery/",2000,1,1,1,15,,3ac532945b56cb71b04a6cae56dc066d.jpg,,,,,,,,,,,,,,,,,,,,
157049138,"毎日一枚 原画（はがきサイズ）｜ヤーマと（2026/06/09）",,,"2026/06/09 の、毎日一枚の原画です。
タイトル「ヤーマと」。

サイズ: はがきサイズくらい（約10.7×14.5cm）
紙に手描き。一点ものです。

画像は投稿したときのものです。実物は、色味が少し違って見えることがあります。

毎日一枚、手で描いています。この絵は、その一日です。
ほかの日の絵は、原画ギャラリーで見られます。
https://leon-r-s.github.io/Leon-gallery/",2000,1,1,1,15,,3254c3b00a9992ced27dd63c1c26a066.jpg,,,,,,,,,,,,,,,,,,,,
160257465,"毎日一枚 原画（はがきサイズ）｜こはくと座敷わらし（2026/09/29）",,,"2026/09/29 の、毎日一枚の原画です。
タイトル「こはくと座敷わらし」。

サイズ: はがきサイズくらい（約10.7×14.5cm）
紙に手描き。一点ものです。

画像は投稿したときのものです。実物は、色味が少し違って見えることがあります。

毎日一枚、手で描いています。この絵は、その一日です。
ほかの日の絵は、原画ギャラリーで見られます。
https://leon-r-s.github.io/Leon-gallery/",2000,1,1,1,16,,ba32d7763419757d388e4c07f4ed3d86.jpg,,,,,,,,,,,,,,,,,,,,
157429696,"毎日一枚 原画（はがきサイズ）｜恐怖の体重計（2026/09/05）",,,"2026/09/05 の、毎日一枚の原画です。
タイトル「恐怖の体重計」。

サイズ: はがきサイズくらい（約10.7×14.5cm）
紙に手描き。一点ものです。

画像は投稿したときのものです。実物は、色味が少し違って見えることがあります。

毎日一枚、手で描いています。この絵は、その一日です。
ほかの日の絵は、原画ギャラリーで見られます。
https://leon-r-s.github.io/Leon-gallery/",2000,1,1,1,16,,af801f730deac057f9c712a9b45a62fe.jpg,,,,,,,,,,,,,,,,,,,,
157049140,"毎日一枚 原画（はがきサイズ）｜ナルカミと（2026/06/10）",,,"2026/06/10 の、毎日一枚の原画です。
タイトル「ナルカミと」。

サイズ: はがきサイズくらい（約10.7×14.5cm）
紙に手描き。一点ものです。

画像は投稿したときのものです。実物は、色味が少し違って見えることがあります。

毎日一枚、手で描いています。この絵は、その一日です。
ほかの日の絵は、原画ギャラリーで見られます。
https://leon-r-s.github.io/Leon-gallery/",2000,1,1,1,17,,7d74e917ff0cc8f374aead05a0be95c0.jpg,,,,,,,,,,,,,,,,,,,,
157429697,"毎日一枚 原画（はがきサイズ）｜スイートポテトうまうま（2026/09/06）",,,"2026/09/06 の、毎日一枚の原画です。
タイトル「スイートポテトうまうま」。

サイズ: はがきサイズくらい（約10.7×14.5cm）
紙に手描き。一点ものです。

画像は投稿したときのものです。実物は、色味が少し違って見えることがあります。

毎日一枚、手で描いています。この絵は、その一日です。
ほかの日の絵は、原画ギャラリーで見られます。
https://leon-r-s.github.io/Leon-gallery/",2000,1,1,1,18,,f0eba30b9e7ccc549b9ed0f947dcedc6.jpg,,,,,,,,,,,,,,,,,,,,
157049141,"毎日一枚 原画（はがきサイズ）｜ルナと（2026/06/11）",,,"2026/06/11 の、毎日一枚の原画です。
タイトル「ルナと」。

サイズ: はがきサイズくらい（約10.7×14.5cm）
紙に手描き。一点ものです。

画像は投稿したときのものです。実物は、色味が少し違って見えることがあります。

毎日一枚、手で描いています。この絵は、その一日です。
ほかの日の絵は、原画ギャラリーで見られます。
https://leon-r-s.github.io/Leon-gallery/",2000,1,1,1,19,,3dcdd7f59f44ee00063a1a6dc1eb24f2.jpg,,,,,,,,,,,,,,,,,,,,
157429698,"毎日一枚 原画（はがきサイズ）｜ルナとこはくは仲良し（2026/09/07）",,,"2026/09/07 の、毎日一枚の原画です。
タイトル「ルナとこはくは仲良し」。

サイズ: はがきサイズくらい（約10.7×14.5cm）
紙に手描き。一点ものです。

画像は投稿したときのものです。実物は、色味が少し違って見えることがあります。

毎日一枚、手で描いています。この絵は、その一日です。
ほかの日の絵は、原画ギャラリーで見られます。
https://leon-r-s.github.io/Leon-gallery/",2000,1,1,1,20,,c1e107c4644b5433e8d463607eb15b36.jpg,,,,,,,,,,,,,,,,,,,,
157049142,"毎日一枚 原画（はがきサイズ）｜ヒマワリの種ひとつ（2026/06/12）",,,"2026/06/12 の、毎日一枚の原画です。
タイトル「ヒマワリの種ひとつ」。

サイズ: はがきサイズくらい（約10.7×14.5cm）
紙に手描き。一点ものです。

画像は投稿したときのものです。実物は、色味が少し違って見えることがあります。

毎日一枚、手で描いています。この絵は、その一日です。
ほかの日の絵は、原画ギャラリーで見られます。
https://leon-r-s.github.io/Leon-gallery/",2000,1,1,1,21,,4ea62bba837d1360d3e7df29c9ee0067.jpg,,,,,,,,,,,,,,,,,,,,
157429699,"毎日一枚 原画（はがきサイズ）｜つつじを見ながら（2026/09/08）",,,"2026/09/08 の、毎日一枚の原画です。
タイトル「つつじを見ながら」。

サイズ: はがきサイズくらい（約10.7×14.5cm）
紙に手描き。一点ものです。

画像は投稿したときのものです。実物は、色味が少し違って見えることがあります。

毎日一枚、手で描いています。この絵は、その一日です。
ほかの日の絵は、原画ギャラリーで見られます。
https://leon-r-s.github.io/Leon-gallery/",2000,1,1,1,22,,241393879599a2e1954a045b3219d999.jpg,,,,,,,,,,,,,,,,,,,,
157049144,"毎日一枚 原画（はがきサイズ）｜ぶらさがリーリー（2026/06/13）",,,"2026/06/13 の、毎日一枚の原画です。
タイトル「ぶらさがリーリー」。

サイズ: はがきサイズくらい（約10.7×14.5cm）
紙に手描き。一点ものです。

画像は投稿したときのものです。実物は、色味が少し違って見えることがあります。

毎日一枚、手で描いています。この絵は、その一日です。
ほかの日の絵は、原画ギャラリーで見られます。
https://leon-r-s.github.io/Leon-gallery/",2000,1,1,1,23,,a17b88a115f89c2559a1b4ea0701c99d.jpg,,,,,,,,,,,,,,,,,,,,
157429700,"毎日一枚 原画（はがきサイズ）｜つつじウキウキ（2026/09/09）",,,"2026/09/09 の、毎日一枚の原画です。
タイトル「つつじウキウキ」。

サイズ: はがきサイズくらい（約10.7×14.5cm）
紙に手描き。一点ものです。

画像は投稿したときのものです。実物は、色味が少し違って見えることがあります。

毎日一枚、手で描いています。この絵は、その一日です。
ほかの日の絵は、原画ギャラリーで見られます。
https://leon-r-s.github.io/Leon-gallery/",2000,1,1,1,24,,4c9d27cb7bdee74ce65788bfb9b215ef.jpg,,,,,,,,,,,,,,,,,,,,
157049145,"毎日一枚 原画（はがきサイズ）｜お水あげるの（2026/06/14）",,,"2026/06/14 の、毎日一枚の原画です。
タイトル「お水あげるの」。

サイズ: はがきサイズくらい（約10.7×14.5cm）
紙に手描き。一点ものです。

画像は投稿したときのものです。実物は、色味が少し違って見えることがあります。

毎日一枚、手で描いています。この絵は、その一日です。
ほかの日の絵は、原画ギャラリーで見られます。
https://leon-r-s.github.io/Leon-gallery/",2000,1,1,1,25,,b61336441326aa8789fa5a6f113dbf6e.jpg,,,,,,,,,,,,,,,,,,,,
157429702,"毎日一枚 原画（はがきサイズ）｜まんまるこはくとつつじ（2026/09/10）",,,"2026/09/10 の、毎日一枚の原画です。
タイトル「まんまるこはくとつつじ」。

サイズ: はがきサイズくらい（約10.7×14.5cm）
紙に手描き。一点ものです。

画像は投稿したときのものです。実物は、色味が少し違って見えることがあります。

毎日一枚、手で描いています。この絵は、その一日です。
ほかの日の絵は、原画ギャラリーで見られます。
https://leon-r-s.github.io/Leon-gallery/",2000,1,1,1,26,,41c94a2a935bb0fb0660cfae878d9348.jpg,,,,,,,,,,,,,,,,,,,,
157049147,"毎日一枚 原画（はがきサイズ）｜お花が咲いた（2026/06/15）",,,"2026/06/15 の、毎日一枚の原画です。
タイトル「お花が咲いた」。

サイズ: はがきサイズくらい（約10.7×14.5cm）
紙に手描き。一点ものです。

画像は投稿したときのものです。実物は、色味が少し違って見えることがあります。

毎日一枚、手で描いています。この絵は、その一日です。
ほかの日の絵は、原画ギャラリーで見られます。
https://leon-r-s.github.io/Leon-gallery/",2000,1,1,1,27,,66befe8f6912b64b058f50f13eee1532.jpg,,,,,,,,,,,,,,,,,,,,
157429703,"毎日一枚 原画（はがきサイズ）｜ISAQの残（2026/09/11）",,,"2026/09/11 の、毎日一枚の原画です。
タイトル「ISAQの残」。

サイズ: はがきサイズくらい（約10.7×14.5cm）
紙に手描き。一点ものです。

画像は投稿したときのものです。実物は、色味が少し違って見えることがあります。

毎日一枚、手で描いています。この絵は、その一日です。
ほかの日の絵は、原画ギャラリーで見られます。
https://leon-r-s.github.io/Leon-gallery/",2000,1,1,1,28,,8228a86bf89bf13a0fbb4757e1943bad.jpg,,,,,,,,,,,,,,,,,,,,
157049148,"毎日一枚 原画（はがきサイズ）｜ふかふかなふたり（2026/06/16）",,,"2026/06/16 の、毎日一枚の原画です。
タイトル「ふかふかなふたり」。

サイズ: はがきサイズくらい（約10.7×14.5cm）
紙に手描き。一点ものです。

画像は投稿したときのものです。実物は、色味が少し違って見えることがあります。

毎日一枚、手で描いています。この絵は、その一日です。
ほかの日の絵は、原画ギャラリーで見られます。
https://leon-r-s.github.io/Leon-gallery/",2000,1,1,1,29,,8c8ae26bb4787f690215078a597dad44.jpg,,,,,,,,,,,,,,,,,,,,
157429704,"毎日一枚 原画（はがきサイズ）｜対照的な二人（2026/09/12）",,,"2026/09/12 の、毎日一枚の原画です。
タイトル「対照的な二人」。

サイズ: はがきサイズくらい（約10.7×14.5cm）
紙に手描き。一点ものです。

画像は投稿したときのものです。実物は、色味が少し違って見えることがあります。

毎日一枚、手で描いています。この絵は、その一日です。
ほかの日の絵は、原画ギャラリーで見られます。
https://leon-r-s.github.io/Leon-gallery/",2000,1,1,1,30,,8dcb47d95ca84a34634cad28ba893b64.jpg,,,,,,,,,,,,,,,,,,,,
157049149,"毎日一枚 原画（はがきサイズ）｜げっとした！（2026/06/17）",,,"2026/06/17 の、毎日一枚の原画です。
タイトル「げっとした！」。

サイズ: はがきサイズくらい（約10.7×14.5cm）
紙に手描き。一点ものです。

画像は投稿したときのものです。実物は、色味が少し違って見えることがあります。

毎日一枚、手で描いています。この絵は、その一日です。
ほかの日の絵は、原画ギャラリーで見られます。
https://leon-r-s.github.io/Leon-gallery/",2000,1,1,1,31,,abff8d379f989839f25d3a0ef17944f0.jpg,,,,,,,,,,,,,,,,,,,,
157429705,"毎日一枚 原画（はがきサイズ）｜絵が好きだから（2026/09/13）",,,"2026/09/13 の、毎日一枚の原画です。
タイトル「絵が好きだから」。

サイズ: はがきサイズくらい（約10.7×14.5cm）
紙に手描き。一点ものです。

画像は投稿したときのものです。実物は、色味が少し違って見えることがあります。

毎日一枚、手で描いています。この絵は、その一日です。
ほかの日の絵は、原画ギャラリーで見られます。
https://leon-r-s.github.io/Leon-gallery/",2000,1,1,1,32,,6112c61cf5c6f6a70d5d1e971bfb1a6a.jpg,,,,,,,,,,,,,,,,,,,,
157049150,"毎日一枚 原画（はがきサイズ）｜楽しいのかな？（2026/06/19）",,,"2026/06/19 の、毎日一枚の原画です。
タイトル「楽しいのかな？」。

サイズ: はがきサイズくらい（約10.7×14.5cm）
紙に手描き。一点ものです。

画像は投稿したときのものです。実物は、色味が少し違って見えることがあります。

毎日一枚、手で描いています。この絵は、その一日です。
ほかの日の絵は、原画ギャラリーで見られます。
https://leon-r-s.github.io/Leon-gallery/",2000,1,1,1,33,,35481f65f4de5be26d3a2c1bb316ef22.jpg,,,,,,,,,,,,,,,,,,,,
157049152,"毎日一枚 原画（はがきサイズ）｜にんケットにて（2026/06/20）",,,"2026/06/20 の、毎日一枚の原画です。
タイトル「にんケットにて」。

サイズ: はがきサイズくらい（約10.7×14.5cm）
紙に手描き。一点ものです。

画像は投稿したときのものです。実物は、色味が少し違って見えることがあります。

毎日一枚、手で描いています。この絵は、その一日です。
ほかの日の絵は、原画ギャラリーで見られます。
https://leon-r-s.github.io/Leon-gallery/",2000,1,1,1,34,,6f81412db31d63c08ccbe12ad3b0a986.jpg,,,,,,,,,,,,,,,,,,,,
157049153,"毎日一枚 原画（はがきサイズ）｜キラキラリーリー（2026/06/21）",,,"2026/06/21 の、毎日一枚の原画です。
タイトル「キラキラリーリー」。

サイズ: はがきサイズくらい（約10.7×14.5cm）
紙に手描き。一点ものです。

画像は投稿したときのものです。実物は、色味が少し違って見えることがあります。

毎日一枚、手で描いています。この絵は、その一日です。
ほかの日の絵は、原画ギャラリーで見られます。
https://leon-r-s.github.io/Leon-gallery/",2000,1,1,1,35,,e40c45d1f6e8ca8f78b50999e6594b6a.jpg,,,,,,,,,,,,,,,,,,,,
157049156,"毎日一枚 原画（はがきサイズ）｜未来へ（2026/06/22）",,,"2026/06/22 の、毎日一枚の原画です。
タイトル「未来へ」。

サイズ: はがきサイズくらい（約10.7×14.5cm）
紙に手描き。一点ものです。

画像は投稿したときのものです。実物は、色味が少し違って見えることがあります。

毎日一枚、手で描いています。この絵は、その一日です。
ほかの日の絵は、原画ギャラリーで見られます。
https://leon-r-s.github.io/Leon-gallery/",2000,1,1,1,36,,481985cb9994a013aa463f02906fe4c5.jpg,,,,,,,,,,,,,,,,,,,,
157049157,"毎日一枚 原画（はがきサイズ）｜ほわぁ～（2026/06/23）",,,"2026/06/23 の、毎日一枚の原画です。
タイトル「ほわぁ～」。

サイズ: はがきサイズくらい（約10.7×14.5cm）
紙に手描き。一点ものです。

画像は投稿したときのものです。実物は、色味が少し違って見えることがあります。

毎日一枚、手で描いています。この絵は、その一日です。
ほかの日の絵は、原画ギャラリーで見られます。
https://leon-r-s.github.io/Leon-gallery/",2000,1,1,1,37,,32e592e4c24d5f4ee817001acbfe8298.jpg,,,,,,,,,,,,,,,,,,,,
157049158,"毎日一枚 原画（はがきサイズ）｜ISAQとこはく（2026/06/24）",,,"2026/06/24 の、毎日一枚の原画です。
タイトル「ISAQとこはく」。

サイズ: はがきサイズくらい（約10.7×14.5cm）
紙に手描き。一点ものです。

画像は投稿したときのものです。実物は、色味が少し違って見えることがあります。

毎日一枚、手で描いています。この絵は、その一日です。
ほかの日の絵は、原画ギャラリーで見られます。
https://leon-r-s.github.io/Leon-gallery/",2000,1,1,1,38,,eb9315df40865398b6678a37e7a2220d.jpg,,,,,,,,,,,,,,,,,,,,
157049159,"毎日一枚 原画（はがきサイズ）｜スイカバー！（2026/06/25）",,,"2026/06/25 の、毎日一枚の原画です。
タイトル「スイカバー！」。

サイズ: はがきサイズくらい（約10.7×14.5cm）
紙に手描き。一点ものです。

画像は投稿したときのものです。実物は、色味が少し違って見えることがあります。

毎日一枚、手で描いています。この絵は、その一日です。
ほかの日の絵は、原画ギャラリーで見られます。
https://leon-r-s.github.io/Leon-gallery/",2000,1,1,1,39,,16235a47d4c5e3d52e63609f40b43b31.jpg,,,,,,,,,,,,,,,,,,,,
157049160,"毎日一枚 原画（はがきサイズ）｜ワクワクの顔（2026/06/26）",,,"2026/06/26 の、毎日一枚の原画です。
タイトル「ワクワクの顔」。

サイズ: はがきサイズくらい（約10.7×14.5cm）
紙に手描き。一点ものです。

画像は投稿したときのものです。実物は、色味が少し違って見えることがあります。

毎日一枚、手で描いています。この絵は、その一日です。
ほかの日の絵は、原画ギャラリーで見られます。
https://leon-r-s.github.io/Leon-gallery/",2000,1,1,1,40,,83e011772234fdd3cef8b5e745cf5c89.jpg,,,,,,,,,,,,,,,,,,,,
157049162,"毎日一枚 原画（はがきサイズ）｜ハートを追いかけて（2026/06/28）",,,"2026/06/28 の、毎日一枚の原画です。
タイトル「ハートを追いかけて」。

サイズ: はがきサイズくらい（約10.7×14.5cm）
紙に手描き。一点ものです。

画像は投稿したときのものです。実物は、色味が少し違って見えることがあります。

毎日一枚、手で描いています。この絵は、その一日です。
ほかの日の絵は、原画ギャラリーで見られます。
https://leon-r-s.github.io/Leon-gallery/",2000,1,1,1,41,,cdb309ee3177612f372c520a396114ab.jpg,,,,,,,,,,,,,,,,,,,,
157049163,"毎日一枚 原画（はがきサイズ）｜ぽてっ！（2026/06/29）",,,"2026/06/29 の、毎日一枚の原画です。
タイトル「ぽてっ！」。

サイズ: はがきサイズくらい（約10.7×14.5cm）
紙に手描き。一点ものです。

画像は投稿したときのものです。実物は、色味が少し違って見えることがあります。

毎日一枚、手で描いています。この絵は、その一日です。
ほかの日の絵は、原画ギャラリーで見られます。
https://leon-r-s.github.io/Leon-gallery/",2000,1,1,1,42,,86b588aab8edb1013de6fdc209e80a31.jpg,,,,,,,,,,,,,,,,,,,,
157049165,"毎日一枚 原画（はがきサイズ）｜あ！！（2026/06/30）",,,"2026/06/30 の、毎日一枚の原画です。
タイトル「あ！！」。

サイズ: はがきサイズくらい（約10.7×14.5cm）
紙に手描き。一点ものです。

画像は投稿したときのものです。実物は、色味が少し違って見えることがあります。

毎日一枚、手で描いています。この絵は、その一日です。
ほかの日の絵は、原画ギャラリーで見られます。
https://leon-r-s.github.io/Leon-gallery/",2000,1,1,1,43,,533135bc8102789ee83a20cfed37165e.jpg,,,,,,,,,,,,,,,,,,,,
157049166,"毎日一枚 原画（はがきサイズ）｜たね？（2026/07/01）",,,"2026/07/01 の、毎日一枚の原画です。
タイトル「たね？」。

サイズ: はがきサイズくらい（約10.7×14.5cm）
紙に手描き。一点ものです。

画像は投稿したときのものです。実物は、色味が少し違って見えることがあります。

毎日一枚、手で描いています。この絵は、その一日です。
ほかの日の絵は、原画ギャラリーで見られます。
https://leon-r-s.github.io/Leon-gallery/",2000,1,1,1,44,,3d51a2463b9eb7025f541de3a8caf737.jpg,,,,,,,,,,,,,,,,,,,,
157049168,"毎日一枚 原画（はがきサイズ）｜ここにうえるの！（2026/07/02）",,,"2026/07/02 の、毎日一枚の原画です。
タイトル「ここにうえるの！」。

サイズ: はがきサイズくらい（約10.7×14.5cm）
紙に手描き。一点ものです。

画像は投稿したときのものです。実物は、色味が少し違って見えることがあります。

毎日一枚、手で描いています。この絵は、その一日です。
ほかの日の絵は、原画ギャラリーで見られます。
https://leon-r-s.github.io/Leon-gallery/",2000,1,1,1,45,,0fb7e2cd5273594e35d3a565df0cbf95.jpg,,,,,,,,,,,,,,,,,,,,
157049169,"毎日一枚 原画（はがきサイズ）｜まだかな（2026/07/03）",,,"2026/07/03 の、毎日一枚の原画です。
タイトル「まだかな」。

サイズ: はがきサイズくらい（約10.7×14.5cm）
紙に手描き。一点ものです。

画像は投稿したときのものです。実物は、色味が少し違って見えることがあります。

毎日一枚、手で描いています。この絵は、その一日です。
ほかの日の絵は、原画ギャラリーで見られます。
https://leon-r-s.github.io/Leon-gallery/",2000,1,1,1,46,,276b87fa046c663f7422dfc4e88d44d3.jpg,,,,,,,,,,,,,,,,,,,,
157049170,"毎日一枚 原画（はがきサイズ）｜まだか…な（2026/07/04）",,,"2026/07/04 の、毎日一枚の原画です。
タイトル「まだか…な」。

サイズ: はがきサイズくらい（約10.7×14.5cm）
紙に手描き。一点ものです。

画像は投稿したときのものです。実物は、色味が少し違って見えることがあります。

毎日一枚、手で描いています。この絵は、その一日です。
ほかの日の絵は、原画ギャラリーで見られます。
https://leon-r-s.github.io/Leon-gallery/",2000,1,1,1,47,,176fb7c57e2412c097c13eb0b0cdba14.jpg,,,,,,,,,,,,,,,,,,,,
157049171,"毎日一枚 原画（はがきサイズ）｜やった！芽が出た！（2026/07/05）",,,"2026/07/05 の、毎日一枚の原画です。
タイトル「やった！芽が出た！」。

サイズ: はがきサイズくらい（約10.7×14.5cm）
紙に手描き。一点ものです。

画像は投稿したときのものです。実物は、色味が少し違って見えることがあります。

毎日一枚、手で描いています。この絵は、その一日です。
ほかの日の絵は、原画ギャラリーで見られます。
https://leon-r-s.github.io/Leon-gallery/",2000,1,1,1,48,,c2468efe967e202b6a2c654e22745394.jpg,,,,,,,,,,,,,,,,,,,,
157049172,"毎日一枚 原画（はがきサイズ）｜そろそろ出番（2026/07/06）",,,"2026/07/06 の、毎日一枚の原画です。
タイトル「そろそろ出番」。

サイズ: はがきサイズくらい（約10.7×14.5cm）
紙に手描き。一点ものです。

画像は投稿したときのものです。実物は、色味が少し違って見えることがあります。

毎日一枚、手で描いています。この絵は、その一日です。
ほかの日の絵は、原画ギャラリーで見られます。
https://leon-r-s.github.io/Leon-gallery/",2000,1,1,1,49,,7e9b1ed4b39e8581ec85cd1960dca071.jpg,,,,,,,,,,,,,,,,,,,,
157049173,"毎日一枚 原画（はがきサイズ）｜七夕の疑問（2026/07/07）",,,"2026/07/07 の、毎日一枚の原画です。
タイトル「七夕の疑問」。

サイズ: はがきサイズくらい（約10.7×14.5cm）
紙に手描き。一点ものです。

画像は投稿したときのものです。実物は、色味が少し違って見えることがあります。

毎日一枚、手で描いています。この絵は、その一日です。
ほかの日の絵は、原画ギャラリーで見られます。
https://leon-r-s.github.io/Leon-gallery/",2000,1,1,1,50,,32cebaa4ba2d1ca6fcb748bd8f3069db.jpg,,,,,,,,,,,,,,,,,,,,
157049174,"毎日一枚 原画（はがきサイズ）｜星を眺めて（2026/07/08）",,,"2026/07/08 の、毎日一枚の原画です。
タイトル「星を眺めて」。

サイズ: はがきサイズくらい（約10.7×14.5cm）
紙に手描き。一点ものです。

画像は投稿したときのものです。実物は、色味が少し違って見えることがあります。

毎日一枚、手で描いています。この絵は、その一日です。
ほかの日の絵は、原画ギャラリーで見られます。
https://leon-r-s.github.io/Leon-gallery/",2000,1,1,1,51,,79315bf8d4db61374328bd38a4feb368.jpg,,,,,,,,,,,,,,,,,,,,
157049175,"毎日一枚 原画（はがきサイズ）｜わくわく（2026/07/09）",,,"2026/07/09 の、毎日一枚の原画です。
タイトル「わくわく」。

サイズ: はがきサイズくらい（約10.7×14.5cm）
紙に手描き。一点ものです。

画像は投稿したときのものです。実物は、色味が少し違って見えることがあります。

毎日一枚、手で描いています。この絵は、その一日です。
ほかの日の絵は、原画ギャラリーで見られます。
https://leon-r-s.github.io/Leon-gallery/",2000,1,1,1,52,,1f7ef55a089842cdce99993c22194fec.jpg,,,,,,,,,,,,,,,,,,,,
157049176,"毎日一枚 原画（はがきサイズ）｜もも、おいし～（2026/07/10）",,,"2026/07/10 の、毎日一枚の原画です。
タイトル「もも、おいし～」。

サイズ: はがきサイズくらい（約10.7×14.5cm）
紙に手描き。一点ものです。

画像は投稿したときのものです。実物は、色味が少し違って見えることがあります。

毎日一枚、手で描いています。この絵は、その一日です。
ほかの日の絵は、原画ギャラリーで見られます。
https://leon-r-s.github.io/Leon-gallery/",2000,1,1,1,53,,50bb27e7b5218fa6a63f6098244c4f82.jpg,,,,,,,,,,,,,,,,,,,,
157049177,"毎日一枚 原画（はがきサイズ）｜あとちょっと食べたい（2026/07/12）",,,"2026/07/12 の、毎日一枚の原画です。
タイトル「あとちょっと食べたい」。

サイズ: はがきサイズくらい（約10.7×14.5cm）
紙に手描き。一点ものです。

画像は投稿したときのものです。実物は、色味が少し違って見えることがあります。

毎日一枚、手で描いています。この絵は、その一日です。
ほかの日の絵は、原画ギャラリーで見られます。
https://leon-r-s.github.io/Leon-gallery/",2000,1,1,1,54,,ac3197e750ad130a5aa8784ecc17e378.jpg,,,,,,,,,,,,,,,,,,,,
157049178,"毎日一枚 原画（はがきサイズ）｜ゆめのようなぶどう（2026/07/13）",,,"2026/07/13 の、毎日一枚の原画です。
タイトル「ゆめのようなぶどう」。

サイズ: はがきサイズくらい（約10.7×14.5cm）
紙に手描き。一点ものです。

画像は投稿したときのものです。実物は、色味が少し違って見えることがあります。

毎日一枚、手で描いています。この絵は、その一日です。
ほかの日の絵は、原画ギャラリーで見られます。
https://leon-r-s.github.io/Leon-gallery/",2000,1,1,1,55,,b24b247f880440588e794cdd8cbefb03.jpg,,,,,,,,,,,,,,,,,,,,
157049179,"毎日一枚 原画（はがきサイズ）｜わったらたべられるの！（2026/07/14）",,,"2026/07/14 の、毎日一枚の原画です。
タイトル「わったらたべられるの！」。

サイズ: はがきサイズくらい（約10.7×14.5cm）
紙に手描き。一点ものです。

画像は投稿したときのものです。実物は、色味が少し違って見えることがあります。

毎日一枚、手で描いています。この絵は、その一日です。
ほかの日の絵は、原画ギャラリーで見られます。
https://leon-r-s.github.io/Leon-gallery/",2000,1,1,1,56,,0113394ad140ca7482cb7cb8481796aa.jpg,,,,,,,,,,,,,,,,,,,,
157049180,"毎日一枚 原画（はがきサイズ）｜きゅ～！！（2026/07/15）",,,"2026/07/15 の、毎日一枚の原画です。
タイトル「きゅ～！！」。

サイズ: はがきサイズくらい（約10.7×14.5cm）
紙に手描き。一点ものです。

画像は投稿したときのものです。実物は、色味が少し違って見えることがあります。

毎日一枚、手で描いています。この絵は、その一日です。
ほかの日の絵は、原画ギャラリーで見られます。
https://leon-r-s.github.io/Leon-gallery/",2000,1,1,1,57,,203bf3a34450bbfb7d697a6662cbff4d.jpg,,,,,,,,,,,,,,,,,,,,
157049181,"毎日一枚 原画（はがきサイズ）｜あまくておいしい！（2026/07/16）",,,"2026/07/16 の、毎日一枚の原画です。
タイトル「あまくておいしい！」。

サイズ: はがきサイズくらい（約10.7×14.5cm）
紙に手描き。一点ものです。

画像は投稿したときのものです。実物は、色味が少し違って見えることがあります。

毎日一枚、手で描いています。この絵は、その一日です。
ほかの日の絵は、原画ギャラリーで見られます。
https://leon-r-s.github.io/Leon-gallery/",2000,1,1,1,58,,f40a016619285dbfe3bc23572d074375.jpg,,,,,,,,,,,,,,,,,,,,
157049182,"毎日一枚 原画（はがきサイズ）｜存分にスイカ！（2026/07/17）",,,"2026/07/17 の、毎日一枚の原画です。
タイトル「存分にスイカ！」。

サイズ: はがきサイズくらい（約10.7×14.5cm）
紙に手描き。一点ものです。

画像は投稿したときのものです。実物は、色味が少し違って見えることがあります。

毎日一枚、手で描いています。この絵は、その一日です。
ほかの日の絵は、原画ギャラリーで見られます。
https://leon-r-s.github.io/Leon-gallery/",2000,1,1,1,59,,98cbc8c2432d7484a68cc2ec4e6a4bf6.jpg,,,,,,,,,,,,,,,,,,,,
157049183,"毎日一枚 原画（はがきサイズ）｜ぶどうのおすそわけ（2026/07/19）",,,"2026/07/19 の、毎日一枚の原画です。
タイトル「ぶどうのおすそわけ」。

サイズ: はがきサイズくらい（約10.7×14.5cm）
紙に手描き。一点ものです。

画像は投稿したときのものです。実物は、色味が少し違って見えることがあります。

毎日一枚、手で描いています。この絵は、その一日です。
ほかの日の絵は、原画ギャラリーで見られます。
https://leon-r-s.github.io/Leon-gallery/",2000,1,1,1,60,,0642d772945d01a612a2033670fefc95.jpg,,,,,,,,,,,,,,,,,,,,
157049184,"毎日一枚 原画（はがきサイズ）｜ルミエルにもあげるの（2026/07/20）",,,"2026/07/20 の、毎日一枚の原画です。
タイトル「ルミエルにもあげるの」。

サイズ: はがきサイズくらい（約10.7×14.5cm）
紙に手描き。一点ものです。

画像は投稿したときのものです。実物は、色味が少し違って見えることがあります。

毎日一枚、手で描いています。この絵は、その一日です。
ほかの日の絵は、原画ギャラリーで見られます。
https://leon-r-s.github.io/Leon-gallery/",2000,1,1,1,61,,2fa02ce334a032d9d5b94b43de709b64.jpg,,,,,,,,,,,,,,,,,,,,
157049185,"毎日一枚 原画（はがきサイズ）｜クジラさんは大きい（2026/07/21）",,,"2026/07/21 の、毎日一枚の原画です。
タイトル「クジラさんは大きい」。

サイズ: はがきサイズくらい（約10.7×14.5cm）
紙に手描き。一点ものです。

画像は投稿したときのものです。実物は、色味が少し違って見えることがあります。

毎日一枚、手で描いています。この絵は、その一日です。
ほかの日の絵は、原画ギャラリーで見られます。
https://leon-r-s.github.io/Leon-gallery/",2000,1,1,1,62,,8e4581094b6e6ee839cab197ab51fb89.jpg,,,,,,,,,,,,,,,,,,,,
157049187,"毎日一枚 原画（はがきサイズ）｜はい！どうぞ（2026/07/22）",,,"2026/07/22 の、毎日一枚の原画です。
タイトル「はい！どうぞ」。

サイズ: はがきサイズくらい（約10.7×14.5cm）
紙に手描き。一点ものです。

画像は投稿したときのものです。実物は、色味が少し違って見えることがあります。

毎日一枚、手で描いています。この絵は、その一日です。
ほかの日の絵は、原画ギャラリーで見られます。
https://leon-r-s.github.io/Leon-gallery/",2000,1,1,1,63,,c1ccbf2693cf5a199c8c15f3e8a542ae.jpg,,,,,,,,,,,,,,,,,,,,
157049188,"毎日一枚 原画（はがきサイズ）｜ぎゅ！（2026/07/24）",,,"2026/07/24 の、毎日一枚の原画です。
タイトル「ぎゅ！」。

サイズ: はがきサイズくらい（約10.7×14.5cm）
紙に手描き。一点ものです。

画像は投稿したときのものです。実物は、色味が少し違って見えることがあります。

毎日一枚、手で描いています。この絵は、その一日です。
ほかの日の絵は、原画ギャラリーで見られます。
https://leon-r-s.github.io/Leon-gallery/",2000,1,1,1,64,,2eaadbf3c7f4aacd527b89da76321985.jpg,,,,,,,,,,,,,,,,,,,,
157049189,"毎日一枚 原画（はがきサイズ）｜綿毛と出会う（2026/07/26）",,,"2026/07/26 の、毎日一枚の原画です。
タイトル「綿毛と出会う」。

サイズ: はがきサイズくらい（約10.7×14.5cm）
紙に手描き。一点ものです。

画像は投稿したときのものです。実物は、色味が少し違って見えることがあります。

毎日一枚、手で描いています。この絵は、その一日です。
ほかの日の絵は、原画ギャラリーで見られます。
https://leon-r-s.github.io/Leon-gallery/",2000,1,1,1,65,,dbbeffdac04bf01cdc90ca5e93c1d2d7.jpg,,,,,,,,,,,,,,,,,,,,
157049190,"毎日一枚 原画（はがきサイズ）｜うきうき（2026/07/27）",,,"2026/07/27 の、毎日一枚の原画です。
タイトル「うきうき」。

サイズ: はがきサイズくらい（約10.7×14.5cm）
紙に手描き。一点ものです。

画像は投稿したときのものです。実物は、色味が少し違って見えることがあります。

毎日一枚、手で描いています。この絵は、その一日です。
ほかの日の絵は、原画ギャラリーで見られます。
https://leon-r-s.github.io/Leon-gallery/",2000,1,1,1,66,,8dcda2a82ba1b79d29d8893f3a7fd2d4.jpg,,,,,,,,,,,,,,,,,,,,
157049192,"毎日一枚 原画（はがきサイズ）｜白いお花（2026/07/28）",,,"2026/07/28 の、毎日一枚の原画です。
タイトル「白いお花」。

サイズ: はがきサイズくらい（約10.7×14.5cm）
紙に手描き。一点ものです。

画像は投稿したときのものです。実物は、色味が少し違って見えることがあります。

毎日一枚、手で描いています。この絵は、その一日です。
ほかの日の絵は、原画ギャラリーで見られます。
https://leon-r-s.github.io/Leon-gallery/",2000,1,1,1,67,,d05f227d92313a3928ef979b1360c6d0.jpg,,,,,,,,,,,,,,,,,,,,
157049193,"毎日一枚 原画（はがきサイズ）｜何の芽？（2026/07/29）",,,"2026/07/29 の、毎日一枚の原画です。
タイトル「何の芽？」。

サイズ: はがきサイズくらい（約10.7×14.5cm）
紙に手描き。一点ものです。

画像は投稿したときのものです。実物は、色味が少し違って見えることがあります。

毎日一枚、手で描いています。この絵は、その一日です。
ほかの日の絵は、原画ギャラリーで見られます。
https://leon-r-s.github.io/Leon-gallery/",2000,1,1,1,68,,6c33cb4fa9be2fd797ca3a969de0ef4a.jpg,,,,,,,,,,,,,,,,,,,,
157049194,"毎日一枚 原画（はがきサイズ）｜おおきなおはな！（2026/07/30）",,,"2026/07/30 の、毎日一枚の原画です。
タイトル「おおきなおはな！」。

サイズ: はがきサイズくらい（約10.7×14.5cm）
紙に手描き。一点ものです。

画像は投稿したときのものです。実物は、色味が少し違って見えることがあります。

毎日一枚、手で描いています。この絵は、その一日です。
ほかの日の絵は、原画ギャラリーで見られます。
https://leon-r-s.github.io/Leon-gallery/",2000,1,1,1,69,,500ad96e24c0581ec3c5188e51953df7.jpg,,,,,,,,,,,,,,,,,,,,
157049195,"毎日一枚 原画（はがきサイズ）｜888日（2026/07/31）",,,"2026/07/31 の、毎日一枚の原画です。
タイトル「888日」。

サイズ: はがきサイズくらい（約10.7×14.5cm）
紙に手描き。一点ものです。

画像は投稿したときのものです。実物は、色味が少し違って見えることがあります。

毎日一枚、手で描いています。この絵は、その一日です。
ほかの日の絵は、原画ギャラリーで見られます。
https://leon-r-s.github.io/Leon-gallery/",2000,1,1,1,70,,c53e03e531501ee745e315369bf177f9.jpg,,,,,,,,,,,,,,,,,,,,
157049196,"毎日一枚 原画（はがきサイズ）｜芽が出た（2026/08/02）",,,"2026/08/02 の、毎日一枚の原画です。
タイトル「芽が出た」。

サイズ: はがきサイズくらい（約10.7×14.5cm）
紙に手描き。一点ものです。

画像は投稿したときのものです。実物は、色味が少し違って見えることがあります。

毎日一枚、手で描いています。この絵は、その一日です。
ほかの日の絵は、原画ギャラリーで見られます。
https://leon-r-s.github.io/Leon-gallery/",2000,1,1,1,71,,7a92c1ff12ec4f5c10e9f3e4f7dfb1c7.jpg,,,,,,,,,,,,,,,,,,,,
157049197,"毎日一枚 原画（はがきサイズ）｜はじめまして（2026/08/03）",,,"2026/08/03 の、毎日一枚の原画です。
タイトル「はじめまして」。

サイズ: はがきサイズくらい（約10.7×14.5cm）
紙に手描き。一点ものです。

画像は投稿したときのものです。実物は、色味が少し違って見えることがあります。

毎日一枚、手で描いています。この絵は、その一日です。
ほかの日の絵は、原画ギャラリーで見られます。
https://leon-r-s.github.io/Leon-gallery/",2000,1,1,1,72,,c7239d3ec87ec73aa109104b68914b77.jpg,,,,,,,,,,,,,,,,,,,,
157049198,"毎日一枚 原画（はがきサイズ）｜見つめる先に（2026/08/04）",,,"2026/08/04 の、毎日一枚の原画です。
タイトル「見つめる先に」。

サイズ: はがきサイズくらい（約10.7×14.5cm）
紙に手描き。一点ものです。

画像は投稿したときのものです。実物は、色味が少し違って見えることがあります。

毎日一枚、手で描いています。この絵は、その一日です。
ほかの日の絵は、原画ギャラリーで見られます。
https://leon-r-s.github.io/Leon-gallery/",2000,1,1,1,73,,c3b56170d79115fdb86e59796f5004db.jpg,,,,,,,,,,,,,,,,,,,,
157049200,"毎日一枚 原画（はがきサイズ）｜ひまわりとあさがお（2026/08/05）",,,"2026/08/05 の、毎日一枚の原画です。
タイトル「ひまわりとあさがお」。

サイズ: はがきサイズくらい（約10.7×14.5cm）
紙に手描き。一点ものです。

画像は投稿したときのものです。実物は、色味が少し違って見えることがあります。

毎日一枚、手で描いています。この絵は、その一日です。
ほかの日の絵は、原画ギャラリーで見られます。
https://leon-r-s.github.io/Leon-gallery/",2000,1,1,1,74,,7fb3ad6d631091df9694d3820d773ee8.jpg,,,,,,,,,,,,,,,,,,,,
157049201,"毎日一枚 原画（はがきサイズ）｜未知との遭遇（2026/08/06）",,,"2026/08/06 の、毎日一枚の原画です。
タイトル「未知との遭遇」。

サイズ: はがきサイズくらい（約10.7×14.5cm）
紙に手描き。一点ものです。

画像は投稿したときのものです。実物は、色味が少し違って見えることがあります。

毎日一枚、手で描いています。この絵は、その一日です。
ほかの日の絵は、原画ギャラリーで見られます。
https://leon-r-s.github.io/Leon-gallery/",2000,1,1,1,75,,6ec4582e30deffd7737f7aa780d805dc.jpg,,,,,,,,,,,,,,,,,,,,
157049202,"毎日一枚 原画（はがきサイズ）｜桃パフェ（2026/08/07）",,,"2026/08/07 の、毎日一枚の原画です。
タイトル「桃パフェ」。

サイズ: はがきサイズくらい（約10.7×14.5cm）
紙に手描き。一点ものです。

画像は投稿したときのものです。実物は、色味が少し違って見えることがあります。

毎日一枚、手で描いています。この絵は、その一日です。
ほかの日の絵は、原画ギャラリーで見られます。
https://leon-r-s.github.io/Leon-gallery/",2000,1,1,1,76,,a2f01340615ff4d86c02722d8d2ddf6d.jpg,,,,,,,,,,,,,,,,,,,,
157049203,"毎日一枚 原画（はがきサイズ）｜お腹いっぱい（2026/08/08）",,,"2026/08/08 の、毎日一枚の原画です。
タイトル「お腹いっぱい」。

サイズ: はがきサイズくらい（約10.7×14.5cm）
紙に手描き。一点ものです。

画像は投稿したときのものです。実物は、色味が少し違って見えることがあります。

毎日一枚、手で描いています。この絵は、その一日です。
ほかの日の絵は、原画ギャラリーで見られます。
https://leon-r-s.github.io/Leon-gallery/",2000,1,1,1,77,,b114e390e6a1b7eee0838dfc441252d8.jpg,,,,,,,,,,,,,,,,,,,,
157049204,"毎日一枚 原画（はがきサイズ）｜ぽわぁ～（2026/08/10）",,,"2026/08/10 の、毎日一枚の原画です。
タイトル「ぽわぁ～」。

サイズ: はがきサイズくらい（約10.7×14.5cm）
紙に手描き。一点ものです。

画像は投稿したときのものです。実物は、色味が少し違って見えることがあります。

毎日一枚、手で描いています。この絵は、その一日です。
ほかの日の絵は、原画ギャラリーで見られます。
https://leon-r-s.github.io/Leon-gallery/",2000,1,1,1,78,,c742b1a83469ef8d5463652ef9892258.jpg,,,,,,,,,,,,,,,,,,,,
157049205,"毎日一枚 原画（はがきサイズ）｜わぁ～（2026/08/11）",,,"2026/08/11 の、毎日一枚の原画です。
タイトル「わぁ～」。

サイズ: はがきサイズくらい（約10.7×14.5cm）
紙に手描き。一点ものです。

画像は投稿したときのものです。実物は、色味が少し違って見えることがあります。

毎日一枚、手で描いています。この絵は、その一日です。
ほかの日の絵は、原画ギャラリーで見られます。
https://leon-r-s.github.io/Leon-gallery/",2000,1,1,1,79,,7171357d2db053ba027604be2b7adcdf.jpg,,,,,,,,,,,,,,,,,,,,
157049206,"毎日一枚 原画（はがきサイズ）｜音楽きくの！（2026/08/13）",,,"2026/08/13 の、毎日一枚の原画です。
タイトル「音楽きくの！」。

サイズ: はがきサイズくらい（約10.7×14.5cm）
紙に手描き。一点ものです。

画像は投稿したときのものです。実物は、色味が少し違って見えることがあります。

毎日一枚、手で描いています。この絵は、その一日です。
ほかの日の絵は、原画ギャラリーで見られます。
https://leon-r-s.github.io/Leon-gallery/",2000,1,1,1,80,,cca2b740521918201313f44204663d1c.jpg,,,,,,,,,,,,,,,,,,,,
157049207,"毎日一枚 原画（はがきサイズ）｜お祝いかくの（2026/08/14）",,,"2026/08/14 の、毎日一枚の原画です。
タイトル「お祝いかくの」。

サイズ: はがきサイズくらい（約10.7×14.5cm）
紙に手描き。一点ものです。

画像は投稿したときのものです。実物は、色味が少し違って見えることがあります。

毎日一枚、手で描いています。この絵は、その一日です。
ほかの日の絵は、原画ギャラリーで見られます。
https://leon-r-s.github.io/Leon-gallery/",2000,1,1,1,81,,fc398f0e3c96a8912d7459e90e82554f.jpg,,,,,,,,,,,,,,,,,,,,
157049208,"毎日一枚 原画（はがきサイズ）｜おはなのかんむり（2026/08/16）",,,"2026/08/16 の、毎日一枚の原画です。
タイトル「おはなのかんむり」。

サイズ: はがきサイズくらい（約10.7×14.5cm）
紙に手描き。一点ものです。

画像は投稿したときのものです。実物は、色味が少し違って見えることがあります。

毎日一枚、手で描いています。この絵は、その一日です。
ほかの日の絵は、原画ギャラリーで見られます。
https://leon-r-s.github.io/Leon-gallery/",2000,1,0,1,82,,530f6996cd78ef6db01974824de776f0.jpg,,,,,,,,,,,,,,,,,,,,
157049210,"毎日一枚 原画（はがきサイズ）｜くるくる～（2026/08/17）",,,"2026/08/17 の、毎日一枚の原画です。
タイトル「くるくる～」。

サイズ: はがきサイズくらい（約10.7×14.5cm）
紙に手描き。一点ものです。

画像は投稿したときのものです。実物は、色味が少し違って見えることがあります。

毎日一枚、手で描いています。この絵は、その一日です。
ほかの日の絵は、原画ギャラリーで見られます。
https://leon-r-s.github.io/Leon-gallery/",2000,1,1,1,83,,6f1332ebbec0dba780fdb2fb5ca2e575.jpg,,,,,,,,,,,,,,,,,,,,
157049213,"毎日一枚 原画（はがきサイズ）｜だれ？（2026/08/18）",,,"2026/08/18 の、毎日一枚の原画です。
タイトル「だれ？」。

サイズ: はがきサイズくらい（約10.7×14.5cm）
紙に手描き。一点ものです。

画像は投稿したときのものです。実物は、色味が少し違って見えることがあります。

毎日一枚、手で描いています。この絵は、その一日です。
ほかの日の絵は、原画ギャラリーで見られます。
https://leon-r-s.github.io/Leon-gallery/",2000,1,1,1,84,,012f8d9ac6455b4792d17b2bf85dd3fd.jpg,,,,,,,,,,,,,,,,,,,,
157049214,"毎日一枚 原画（はがきサイズ）｜うしろ～（2026/08/19）",,,"2026/08/19 の、毎日一枚の原画です。
タイトル「うしろ～」。

サイズ: はがきサイズくらい（約10.7×14.5cm）
紙に手描き。一点ものです。

画像は投稿したときのものです。実物は、色味が少し違って見えることがあります。

毎日一枚、手で描いています。この絵は、その一日です。
ほかの日の絵は、原画ギャラリーで見られます。
https://leon-r-s.github.io/Leon-gallery/",2000,1,1,1,85,,ac948b36647e03b50bafd7a125555200.jpg,,,,,,,,,,,,,,,,,,,,
157049215,"毎日一枚 原画（はがきサイズ）｜あめのひ（2026/08/20）",,,"2026/08/20 の、毎日一枚の原画です。
タイトル「あめのひ」。

サイズ: はがきサイズくらい（約10.7×14.5cm）
紙に手描き。一点ものです。

画像は投稿したときのものです。実物は、色味が少し違って見えることがあります。

毎日一枚、手で描いています。この絵は、その一日です。
ほかの日の絵は、原画ギャラリーで見られます。
https://leon-r-s.github.io/Leon-gallery/",2000,1,1,1,86,,5fd0f24a9795439a5dfc16c5f7aec5c5.jpg,,,,,,,,,,,,,,,,,,,,
157049216,"毎日一枚 原画（はがきサイズ）｜なかよし（2026/08/21）",,,"2026/08/21 の、毎日一枚の原画です。
タイトル「なかよし」。

サイズ: はがきサイズくらい（約10.7×14.5cm）
紙に手描き。一点ものです。

画像は投稿したときのものです。実物は、色味が少し違って見えることがあります。

毎日一枚、手で描いています。この絵は、その一日です。
ほかの日の絵は、原画ギャラリーで見られます。
https://leon-r-s.github.io/Leon-gallery/",2000,1,1,1,87,,52322f64be559f75ca756cf4f8f3e2a3.jpg,,,,,,,,,,,,,,,,,,,,
157049217,"毎日一枚 原画（はがきサイズ）｜よんで！（2026/08/22）",,,"2026/08/22 の、毎日一枚の原画です。
タイトル「よんで！」。

サイズ: はがきサイズくらい（約10.7×14.5cm）
紙に手描き。一点ものです。

画像は投稿したときのものです。実物は、色味が少し違って見えることがあります。

毎日一枚、手で描いています。この絵は、その一日です。
ほかの日の絵は、原画ギャラリーで見られます。
https://leon-r-s.github.io/Leon-gallery/",2000,1,1,1,88,,8379c7049c1d95a7fbf6cbf659056c04.jpg,,,,,,,,,,,,,,,,,,,,
157049218,"毎日一枚 原画（はがきサイズ）｜おはなあげるの！（2026/08/23）",,,"2026/08/23 の、毎日一枚の原画です。
タイトル「おはなあげるの！」。

サイズ: はがきサイズくらい（約10.7×14.5cm）
紙に手描き。一点ものです。

画像は投稿したときのものです。実物は、色味が少し違って見えることがあります。

毎日一枚、手で描いています。この絵は、その一日です。
ほかの日の絵は、原画ギャラリーで見られます。
https://leon-r-s.github.io/Leon-gallery/",2000,1,1,1,89,,bef39a1cec61b47b09c9555c99b73fd1.jpg,,,,,,,,,,,,,,,,,,,,
157049219,"毎日一枚 原画（はがきサイズ）｜えほん…よんだの…（2026/08/24）",,,"2026/08/24 の、毎日一枚の原画です。
タイトル「えほん…よんだの…」。

サイズ: はがきサイズくらい（約10.7×14.5cm）
紙に手描き。一点ものです。

画像は投稿したときのものです。実物は、色味が少し違って見えることがあります。

毎日一枚、手で描いています。この絵は、その一日です。
ほかの日の絵は、原画ギャラリーで見られます。
https://leon-r-s.github.io/Leon-gallery/",2000,1,1,1,90,,09454f7a81585dea15aa3b6a44d5e9c8.jpg,,,,,,,,,,,,,,,,,,,,
157049221,"毎日一枚 原画（はがきサイズ）｜ともだちとよむの（2026/08/25）",,,"2026/08/25 の、毎日一枚の原画です。
タイトル「ともだちとよむの」。

サイズ: はがきサイズくらい（約10.7×14.5cm）
紙に手描き。一点ものです。

画像は投稿したときのものです。実物は、色味が少し違って見えることがあります。

毎日一枚、手で描いています。この絵は、その一日です。
ほかの日の絵は、原画ギャラリーで見られます。
https://leon-r-s.github.io/Leon-gallery/",2000,1,1,1,91,,24ed4fe1cb6ae667cb87bf56ac65e603.jpg,,,,,,,,,,,,,,,,,,,,
157049222,"毎日一枚 原画（はがきサイズ）｜ルミエルと（2026/08/26）",,,"2026/08/26 の、毎日一枚の原画です。
タイトル「ルミエルと」。

サイズ: はがきサイズくらい（約10.7×14.5cm）
紙に手描き。一点ものです。

画像は投稿したときのものです。実物は、色味が少し違って見えることがあります。

毎日一枚、手で描いています。この絵は、その一日です。
ほかの日の絵は、原画ギャラリーで見られます。
https://leon-r-s.github.io/Leon-gallery/",2000,1,1,1,92,,bc399233b32b069f22e188de2f93f9c2.jpg,,,,,,,,,,,,,,,,,,,,
157049223,"毎日一枚 原画（はがきサイズ）｜え！！（2026/08/27）",,,"2026/08/27 の、毎日一枚の原画です。
タイトル「え！！」。

サイズ: はがきサイズくらい（約10.7×14.5cm）
紙に手描き。一点ものです。

画像は投稿したときのものです。実物は、色味が少し違って見えることがあります。

毎日一枚、手で描いています。この絵は、その一日です。
ほかの日の絵は、原画ギャラリーで見られます。
https://leon-r-s.github.io/Leon-gallery/",2000,1,1,1,93,,dbb85af7897806abb8cda8999e51294e.jpg,,,,,,,,,,,,,,,,,,,,
157049224,"毎日一枚 原画（はがきサイズ）｜みてみて！！でてる！（2026/08/28）",,,"2026/08/28 の、毎日一枚の原画です。
タイトル「みてみて！！でてる！」。

サイズ: はがきサイズくらい（約10.7×14.5cm）
紙に手描き。一点ものです。

画像は投稿したときのものです。実物は、色味が少し違って見えることがあります。

毎日一枚、手で描いています。この絵は、その一日です。
ほかの日の絵は、原画ギャラリーで見られます。
https://leon-r-s.github.io/Leon-gallery/",2000,1,1,1,94,,05aa9a1c3ad578e947e5f537d76a33c1.jpg,,,,,,,,,,,,,,,,,,,,
