"商品ID","商品コード","商品名","説明","価格","税率","在庫数","公開状態","表示順","種類ID","種類コード","JAN/GTIN","種類名","種類在庫数","画像1"
"","2026-08-29","毎日一枚 原画（はがきサイズ）｜えほんとうとうと（2026/08/29）","2026/08/29 の、毎日一枚の原画です。
タイトル「えほんとうとうと」。

サイズ: はがきサイズくらい（約10.7×14.5cm）
紙に手描き。一点ものです。

画像は投稿したときのものです。実物は、色味が少し違って見えることがあります。

毎日一枚、手で描いています。この絵は、その一日です。
ほかの日の絵は、原画ギャラリーで見られます。
https://leon-r-s.github.io/Leon-gallery/","2000","1","1","1","1","","","","","","2026-08-29.jpg"
"","2026-08-30","毎日一枚 原画（はがきサイズ）｜緑の子と（2026/08/30）","2026/08/30 の、毎日一枚の原画です。
タイトル「緑の子と」。

サイズ: はがきサイズくらい（約10.7×14.5cm）
紙に手描き。一点ものです。

画像は投稿したときのものです。実物は、色味が少し違って見えることがあります。

毎日一枚、手で描いています。この絵は、その一日です。
ほかの日の絵は、原画ギャラリーで見られます。
https://leon-r-s.github.io/Leon-gallery/","2000","1","1","1","2","","","","","","2026-08-30.jpg"
"","2026-08-31","毎日一枚 原画（はがきサイズ）｜いのる（2026/08/31）","2026/08/31 の、毎日一枚の原画です。
タイトル「いのる」。

サイズ: はがきサイズくらい（約10.7×14.5cm）
紙に手描き。一点ものです。

画像は投稿したときのものです。実物は、色味が少し違って見えることがあります。

毎日一枚、手で描いています。この絵は、その一日です。
ほかの日の絵は、原画ギャラリーで見られます。
https://leon-r-s.github.io/Leon-gallery/","2000","1","1","1","3","","","","","","2026-08-31.jpg"
"","2026-09-01","毎日一枚 原画（はがきサイズ）｜カメミタマ（2026/09/01）","2026/09/01 の、毎日一枚の原画です。
タイトル「カメミタマ」。

サイズ: はがきサイズくらい（約10.7×14.5cm）
紙に手描き。一点ものです。

画像は投稿したときのものです。実物は、色味が少し違って見えることがあります。

毎日一枚、手で描いています。この絵は、その一日です。
ほかの日の絵は、原画ギャラリーで見られます。
https://leon-r-s.github.io/Leon-gallery/","2000","1","1","1","4","","","","","","2026-09-01.jpg"
"","2026-09-02","毎日一枚 原画（はがきサイズ）｜ISAQにのるこはく（2026/09/02）","2026/09/02 の、毎日一枚の原画です。
タイトル「ISAQにのるこはく」。

サイズ: はがきサイズくらい（約10.7×14.5cm）
紙に手描き。一点ものです。

画像は投稿したときのものです。実物は、色味が少し違って見えることがあります。

毎日一枚、手で描いています。この絵は、その一日です。
ほかの日の絵は、原画ギャラリーで見られます。
https://leon-r-s.github.io/Leon-gallery/","2000","1","1","1","5","","","","","","2026-09-02.jpg"
"","2026-09-03","毎日一枚 原画（はがきサイズ）｜紫の花とこはく（2026/09/03）","2026/09/03 の、毎日一枚の原画です。
タイトル「紫の花とこはく」。

サイズ: はがきサイズくらい（約10.7×14.5cm）
紙に手描き。一点ものです。

画像は投稿したときのものです。実物は、色味が少し違って見えることがあります。

毎日一枚、手で描いています。この絵は、その一日です。
ほかの日の絵は、原画ギャラリーで見られます。
https://leon-r-s.github.io/Leon-gallery/","2000","1","1","1","6","","","","","","2026-09-03.jpg"
"","2026-09-04","毎日一枚 原画（はがきサイズ）｜桃の…？（2026/09/04）","2026/09/04 の、毎日一枚の原画です。
タイトル「桃の…？」。

サイズ: はがきサイズくらい（約10.7×14.5cm）
紙に手描き。一点ものです。

画像は投稿したときのものです。実物は、色味が少し違って見えることがあります。

毎日一枚、手で描いています。この絵は、その一日です。
ほかの日の絵は、原画ギャラリーで見られます。
https://leon-r-s.github.io/Leon-gallery/","2000","1","1","1","7","","","","","","2026-09-04.jpg"
"","2026-09-05","毎日一枚 原画（はがきサイズ）｜恐怖の体重計（2026/09/05）","2026/09/05 の、毎日一枚の原画です。
タイトル「恐怖の体重計」。

サイズ: はがきサイズくらい（約10.7×14.5cm）
紙に手描き。一点ものです。

画像は投稿したときのものです。実物は、色味が少し違って見えることがあります。

毎日一枚、手で描いています。この絵は、その一日です。
ほかの日の絵は、原画ギャラリーで見られます。
https://leon-r-s.github.io/Leon-gallery/","2000","1","1","1","8","","","","","","2026-09-05.jpg"
"","2026-09-06","毎日一枚 原画（はがきサイズ）｜スイートポテトうまうま（2026/09/06）","2026/09/06 の、毎日一枚の原画です。
タイトル「スイートポテトうまうま」。

サイズ: はがきサイズくらい（約10.7×14.5cm）
紙に手描き。一点ものです。

画像は投稿したときのものです。実物は、色味が少し違って見えることがあります。

毎日一枚、手で描いています。この絵は、その一日です。
ほかの日の絵は、原画ギャラリーで見られます。
https://leon-r-s.github.io/Leon-gallery/","2000","1","1","1","9","","","","","","2026-09-06.jpg"
"","2026-09-07","毎日一枚 原画（はがきサイズ）｜ルナとこはくは仲良し（2026/09/07）","2026/09/07 の、毎日一枚の原画です。
タイトル「ルナとこはくは仲良し」。

サイズ: はがきサイズくらい（約10.7×14.5cm）
紙に手描き。一点ものです。

画像は投稿したときのものです。実物は、色味が少し違って見えることがあります。

毎日一枚、手で描いています。この絵は、その一日です。
ほかの日の絵は、原画ギャラリーで見られます。
https://leon-r-s.github.io/Leon-gallery/","2000","1","1","1","10","","","","","","2026-09-07.jpg"
"","2026-09-08","毎日一枚 原画（はがきサイズ）｜つつじを見ながら（2026/09/08）","2026/09/08 の、毎日一枚の原画です。
タイトル「つつじを見ながら」。

サイズ: はがきサイズくらい（約10.7×14.5cm）
紙に手描き。一点ものです。

画像は投稿したときのものです。実物は、色味が少し違って見えることがあります。

毎日一枚、手で描いています。この絵は、その一日です。
ほかの日の絵は、原画ギャラリーで見られます。
https://leon-r-s.github.io/Leon-gallery/","2000","1","1","1","11","","","","","","2026-09-08.jpg"
"","2026-09-09","毎日一枚 原画（はがきサイズ）｜つつじウキウキ（2026/09/09）","2026/09/09 の、毎日一枚の原画です。
タイトル「つつじウキウキ」。

サイズ: はがきサイズくらい（約10.7×14.5cm）
紙に手描き。一点ものです。

画像は投稿したときのものです。実物は、色味が少し違って見えることがあります。

毎日一枚、手で描いています。この絵は、その一日です。
ほかの日の絵は、原画ギャラリーで見られます。
https://leon-r-s.github.io/Leon-gallery/","2000","1","1","1","12","","","","","","2026-09-09.jpg"
"","2026-09-10","毎日一枚 原画（はがきサイズ）｜まんまるこはくとつつじ（2026/09/10）","2026/09/10 の、毎日一枚の原画です。
タイトル「まんまるこはくとつつじ」。

サイズ: はがきサイズくらい（約10.7×14.5cm）
紙に手描き。一点ものです。

画像は投稿したときのものです。実物は、色味が少し違って見えることがあります。

毎日一枚、手で描いています。この絵は、その一日です。
ほかの日の絵は、原画ギャラリーで見られます。
https://leon-r-s.github.io/Leon-gallery/","2000","1","1","1","13","","","","","","2026-09-10.jpg"
"","2026-09-11","毎日一枚 原画（はがきサイズ）｜ISAQの残（2026/09/11）","2026/09/11 の、毎日一枚の原画です。
タイトル「ISAQの残」。

サイズ: はがきサイズくらい（約10.7×14.5cm）
紙に手描き。一点ものです。

画像は投稿したときのものです。実物は、色味が少し違って見えることがあります。

毎日一枚、手で描いています。この絵は、その一日です。
ほかの日の絵は、原画ギャラリーで見られます。
https://leon-r-s.github.io/Leon-gallery/","2000","1","1","1","14","","","","","","2026-09-11.jpg"
"","2026-09-12","毎日一枚 原画（はがきサイズ）｜対照的な二人（2026/09/12）","2026/09/12 の、毎日一枚の原画です。
タイトル「対照的な二人」。

サイズ: はがきサイズくらい（約10.7×14.5cm）
紙に手描き。一点ものです。

画像は投稿したときのものです。実物は、色味が少し違って見えることがあります。

毎日一枚、手で描いています。この絵は、その一日です。
ほかの日の絵は、原画ギャラリーで見られます。
https://leon-r-s.github.io/Leon-gallery/","2000","1","1","1","15","","","","","","2026-09-12.jpg"
"","2026-09-13","毎日一枚 原画（はがきサイズ）｜絵が好きだから（2026/09/13）","2026/09/13 の、毎日一枚の原画です。
タイトル「絵が好きだから」。

サイズ: はがきサイズくらい（約10.7×14.5cm）
紙に手描き。一点ものです。

画像は投稿したときのものです。実物は、色味が少し違って見えることがあります。

毎日一枚、手で描いています。この絵は、その一日です。
ほかの日の絵は、原画ギャラリーで見られます。
https://leon-r-s.github.io/Leon-gallery/","2000","1","1","1","16","","","","","","2026-09-13.jpg"
